sweep,family,N,alpha,t,method,variant,ok_reps,total_reps,status,wall_ms_mean,wall_ms_median,wall_ms_cv,run_build_ms_mean,run_build_ms_median,run_build_ms_cv,run_count_ms_mean,run_count_ms_median,run_count_ms_cv,run_sample_ms_mean,run_sample_ms_median,run_sample_ms_cv,build_events_ms_mean,build_events_ms_median,build_events_ms_cv,build_y_domain_ms_mean,build_y_domain_ms_median,build_y_domain_ms_cv,build_ranks_ms_mean,build_ranks_ms_median,build_ranks_ms_cv,build_active_indices_ms_mean,build_active_indices_ms_median,build_active_indices_ms_cv,phase1_count_ms_mean,phase1_count_ms_median,phase1_count_ms_cv,phase2_plan_ms_mean,phase2_plan_ms_median,phase2_plan_ms_cv,phase3_sample_ms_mean,phase3_sample_ms_median,phase3_sample_ms_cv,build_ms_mean,build_ms_median,build_ms_cv,build_points_ms_mean,build_points_ms_median,build_points_ms_cv,phase3_fill_ms_mean,phase3_fill_ms_median,phase3_fill_ms_cv,phase1_enumerate_materialize_ms_mean,phase1_enumerate_materialize_ms_median,phase1_enumerate_materialize_ms_cv,phase2_resample_ms_mean,phase2_resample_ms_median,phase2_resample_ms_cv,samples_per_sec_mean,samples_per_sec_median,samples_per_sec_cv,ns_per_sample_mean,ns_per_sample_median,ns_per_sample_cv
A_alpha,F0,1000000,100,10000000,kd_tree,sampling,3,3,OK,15719.1,15671.5,0.028301726471533235,249.14251366666667,252.405466,0.03574087363652898,5658.530736000001,5673.504677,0.009802274650328641,9811.400233333334,9701.327837,0.043116008048358814,,,,,,,,,,,,,5658.526962666667,5673.501777,0.009802368591824824,906.0794569999999,894.733098,0.026186460995495865,,,,249.13946033333332,252.399486,0.03573893869420859,247.26598233333334,251.035584,0.03049068632067946,8884.745454666665,8785.746,0.044869101807280064,,,,,,,1021091.9487608789,1030786.7302309783,0.04247737899928475,981.1400233333334,970.1327837,0.04311600804835877
A_alpha,F0,1000000,100,10000000,ours,enum_sampling,3,3,OK,11753.800000000001,11146.8,0.07623865136476811,1575.476223,1590.469007,0.04329986354577808,9189.343476,8099.764789,0.16886270609951787,150.671594,151.46918,0.03928429391005495,603.4420716666667,686.500599,0.2159863268135345,166.402423,165.884223,0.02558045416079841,674.9593713333334,674.537817,0.001146093124238141,104.93198233333334,63.576756,0.640474902252525,,,,,,,,,,,,,,,,,,,9189.33683,8099.75837,0.16886281804938763,150.66640166666667,151.463592,0.039282312314102785,66472980.24158185,66020031.26972761,0.03963686920556067,15.0671594,15.146918,0.039284293910055015
A_alpha,F0,1000000,100,10000000,ours,sampling,3,3,OK,13577.1,13585.9,0.029152382231610124,1663.3475843333333,1633.970238,0.05507613951210144,4871.145487,4790.022776,0.025986535595116822,6180.256922666667,5425.289144,0.17372568925556464,601.1541423333333,672.548388,0.2159089032388157,167.46903066666667,166.164798,0.012522043915001335,674.0228103333334,673.262293,0.0027308965720466653,186.81177833333334,234.691723,0.5182388721135355,4871.139914,4790.018216,0.025986624129122754,871.0327076666666,867.743125,0.03195512760767727,5300.585406666666,4575.885269,0.19632836118025587,,,,,,,,,,,,,,,,1662748.6186780808,1843219.7316265288,0.15472068579455214,618.0256922666666,542.5289144,0.17372568925556478
A_alpha,F0,1000000,110,10000000,kd_tree,sampling,3,3,OK,16210.366666666667,16218.9,0.0030749614447937597,243.5790453333333,236.931676,0.038957647384505925,5992.699186333334,5987.187727,0.00875406793748042,9974.068263333333,9922.531268,0.007389640760844202,,,,,,,,,,,,,5992.696480333333,5987.185368,0.008754161173956134,888.6858963333334,891.041875,0.004852403056283872,,,,243.57664533333332,236.930506,0.038950077485054274,242.79248833333335,236.70338,0.035792536832268886,9063.874120999999,9017.934124,0.008112179607977079,,,,,,,1002654.3828852732,1007807.355795374,0.0073512358306733845,997.4068263333334,992.2531268,0.007389640760844244
A_alpha,F0,1000000,110,10000000,ours,enum_sampling,3,3,OK,12162.733333333332,12023.6,0.03688675085012343,1559.7218286666666,1583.213437,0.022213156245198335,9563.463727666667,9658.946221,0.04454218501620131,182.90265833333333,160.631762,0.1957917136193362,588.4956606666666,670.304234,0.19887915423511293,167.085912,167.927892,0.007684217025400736,678.4561923333333,677.051925,0.0030991634686962834,106.81633699999999,51.369949,0.7350691641677949,,,,,,,,,,,,,,,,,,,9563.458894333335,9658.938781,0.04454216349280967,182.898945,160.629272,0.1957883766526421,56585676.70840573,62254188.55830019,0.17265084061648767,18.290265833333333,16.0631762,0.19579171361933617
A_alpha,F0,1000000,110,10000000,ours,sampling,3,3,OK,12580.4,13014.4,0.04879893428315767,1560.2096983333333,1588.530677,0.026326311791624576,4746.235164333333,4748.912386,0.004506441094754171,5418.099638666667,5425.91317,0.0038793990063890208,590.0720709999999,672.246554,0.1997386875080745,162.664074,161.390697,0.011785514834252695,683.3646570000001,684.053259,0.0033631214706915298,101.19777333333333,51.447808,0.6961910768318186,4746.231774333333,4748.909156,0.004506405298090917,883.5360226666667,890.209682,0.01834127099372795,4524.325164333333,4523.09401,0.0010871087998010965,,,,,,,,,,,,,,,,1845693.4097277836,1843007.7457358206,0.003887054073521161,541.8099638666666,542.591317,0.003879399006389007
A_alpha,F0,1000000,120,10000000,kd_tree,sampling,3,3,OK,16617.066666666666,16472.9,0.01699012743064471,251.22711400000003,256.731398,0.03786433644799975,6189.911779666666,6038.304782,0.038217643249114266,10175.899647666667,10206.347085,0.0060142994221548405,,,,,,,,,,,,,6189.900319666666,6038.300901,0.03821597653191557,886.719317,880.523052,0.011425025323859429,,,,251.22580366666668,256.730227,0.037864664744780736,250.56612699999997,255.166919,0.03698524263837646,9271.833278666667,9308.155678,0.005725407238446516,,,,,,,982749.7754062136,979782.4742504336,0.006036959920111585,1017.5899647666666,1020.6347085,0.006014299422154914
A_alpha,F0,1000000,120,10000000,ours,enum_sampling,3,3,OK,11352.466666666667,11444.2,0.014282573005142664,1579.750291,1579.12992,0.03297061943683922,8768.46364,8426.267675,0.05527836847487514,155.54121733333332,155.283363,0.007035169065434056,600.330056,669.368223,0.20700712393064993,166.75807866666665,166.081839,0.02787867404604321,686.305624,680.562823,0.014123388238044684,100.58037233333334,51.082104,0.6961741882120119,,,,,,,,,,,,,,,,,,,8768.457080333334,8426.260046,0.05527849846368148,155.53656066666667,155.278393,0.007036755908851164,64294814.962252595,64398399.20262417,0.0070185631727971804,15.554121733333332,15.5283363,0.007035169065434011
A_alpha,F0,1000000,120,10000000,ours,sampling,3,3,OK,12778.199999999999,13189.6,0.04693265083373263,1577.8657236666666,1592.21119,0.01871568592496663,4829.893962333333,4828.151499,0.005946329897823043,5506.138590333333,5498.802935,0.002792806089189853,596.3999136666666,675.553195,0.20219710057409765,166.76519466666664,166.058629,0.026083883845143055,680.6660836666666,681.16306,0.006464992516669425,110.74845633333332,51.171384,0.7612609044549318,4829.890489,4828.148159,0.005946341781383316,907.0920523333334,899.579907,0.014721450151014254,4588.6952286666665,4587.545159,0.0015238659467865776,,,,,,,,,,,,,,,,1816168.9362307403,1818577.6282961122,0.0027880839557708897,550.6138590333334,549.8802935,0.00279280608918984
A_alpha,F0,1000000,130,10000000,kd_tree,sampling,3,3,OK,16970.866666666665,16799.3,0.023090172158934743,251.14530566666667,256.765816,0.041790871788792296,6432.220710999999,6272.290978,0.04294608174982525,10287.502769333334,10270.259706,0.010840744661161576,,,,,,,,,,,,,6432.213591333333,6272.286469,0.042945384661226126,887.6429146666666,887.552417,0.005285213139899284,,,,251.14363933333334,256.764247,0.04179078644682815,250.36483833333332,256.529121,0.04004613936994411,9378.329659,9366.788567,0.011682000449005426,,,,,,,972167.1760807753,973685.2120845482,0.010814845003158508,1028.7502769333335,1027.0259706,0.010840744661161576
A_alpha,F0,1000000,130,10000000,ours,enum_sampling,3,3,OK,11578.666666666666,11621.8,0.011243116114198112,1582.8697240000001,1576.188512,0.02264784189040404,8995.241105333333,8656.918351,0.055842468335838474,150.52963733333334,153.361832,0.030045135986666714,602.441096,678.154752,0.2042950310493749,166.70722966666665,166.347593,0.027484027213070476,684.2701353333333,669.135508,0.03158385932721298,103.597267,51.620554,0.7122950156852269,,,,,,,,,,,,,,,,,,,8995.234242,8656.911861,0.055842437105636356,150.52433066666666,153.356712,0.03004813984757928,66493403.61957776,65205272.19575729,0.030685495885747066,15.052963733333334,15.3361832,0.030045135986666745
A_alpha,F0,1000000,130,10000000,ours,sampling,3,3,OK,13740.333333333334,13069.9,0.1377515793111489,1578.5812886666665,1591.610393,0.024037004875210367,5589.028415333334,4824.71151,0.20441063257060654,5709.823752333333,5479.567462,0.060834460759590224,595.9528329999999,681.465953,0.20479671985456074,163.31989666666666,162.638361,0.011643526361394983,678.0332506666667,678.002674,0.006741765393114892,117.46563066666666,70.155081,0.6866999124019947,5589.024008666667,4824.70735,0.20441060650519283,899.695346,904.152214,0.012432815942046385,4799.6446043333335,4560.046297,0.07110552614390198,,,,,,,,,,,,,,,,1757605.490708041,1824961.562997178,0.05834123817189707,570.9823752333333,547.9567462,0.0608344607595902
A_alpha,F0,1000000,70,10000000,kd_tree,sampling,3,3,OK,13399.033333333333,13333.9,0.024984084117899184,249.92172800000003,251.815739,0.046121149820062414,4937.486229666666,4820.459037,0.054382058477490475,8211.601282333333,8261.634036,0.008977963923674549,,,,,,,,,,,,,4937.476213333333,4820.455187,0.05438053906702093,884.5747916666668,882.344185,0.007475385655398187,,,,249.92024466666666,251.814239,0.0461225375719985,249.32364033333332,251.598403,0.04453873121911043,7310.390340999999,7356.805866,0.009982507517600504,,,,,,,1217888.070521962,1210414.3025974142,0.009035187875577942,821.1601282333332,826.1634035999999,0.008977963923674576
A_alpha,F0,1000000,70,10000000,ours,enum_sampling,3,3,OK,10068.923333333334,10167.7,0.017383599747573943,1559.712256,1571.689025,0.021762443687557753,7511.752485333333,7209.4345,0.06040982435992348,149.60280633333332,153.420761,0.05057626885215919,599.385359,675.182143,0.20332629909266395,162.52523333333332,161.149412,0.012099368586969627,668.1596383333333,667.748607,0.0017672130426233884,110.87257333333334,50.986937,0.7639111919731513,,,,,,,,,,,,,,,,,,,7511.748642,7209.43113,0.06040983523705166,149.599393,153.417221,0.05057669933954864,67020777.541612335,65180226.81428363,0.05225715425768379,14.960280633333333,15.3420761,0.05057626885215916
A_alpha,F0,1000000,70,10000000,ours,sampling,3,3,OK,12335.4,12666.4,0.04288318608282556,1564.2398953333334,1573.422789,0.025197012207485443,4643.3695450000005,4592.375028,0.0157620844854007,5288.492579999999,5294.396138,0.00691079288609138,598.053473,680.64741,0.21426681426276153,165.68409366666666,165.650668,0.021785516797487296,669.0369136666667,663.320858,0.012926229579126836,106.321084,51.052946,0.7352558382111861,4643.363351666667,4592.368298,0.01576204401554876,872.3319613333333,880.699389,0.015605040681595411,4408.558095666666,4407.527567,0.004329000291949667,,,,,,,,,,,,,,,,1890988.4545373076,1888789.5312981962,0.006922401744404154,528.8492580000001,529.4396138,0.00691079288609142
A_alpha,F0,1000000,80,10000000,kd_tree,sampling,3,3,OK,13938.866666666667,13870.3,0.010728001262453612,247.72854266666664,238.848647,0.05709654664032853,4999.708775,4967.722186,0.0131575971696933,8691.422411,8665.946474,0.008084014643730776,,,,,,,,,,,,,4999.705598333333,4967.718786,0.013157554281734707,889.7718140000001,889.349299,0.005166693965742972,,,,247.72729600000002,238.847397,0.05709670529530318,246.97868533333335,238.589162,0.054370640706307004,7780.005071333333,7753.884624,0.008172615673926725,,,,,,,1150634.5546411572,1153942.0454537184,0.008051916991935349,869.1422411,866.5946474,0.008084014643730809
A_alpha,F0,1000000,80,10000000,ours,enum_sampling,3,3,OK,12225.733333333332,12318.6,0.013057021771831758,1577.3432216666668,1599.177647,0.02219458389041544,9626.038619333332,9296.4936,0.05098677961642687,154.38405433333335,154.90504,0.0051659150161056265,594.030543,677.629742,0.2070488938255238,162.699489,161.623621,0.010058747536699712,670.9979666666667,672.051408,0.005317785885413192,111.91589833333335,56.354586,0.7346294439520946,,,,,,,,,,,,,,,,,,,9626.034406,9296.48924,0.05098676001799321,154.37988833333333,154.900611,0.005164909345591341,64775263.787877806,64555678.75648203,0.005184695044481311,15.438405433333335,15.490504,0.005165915016105656
A_alpha,F0,1000000,80,10000000,ours,sampling,3,3,OK,13296.233333333332,12899.4,0.04228245006897896,1573.476371,1575.701692,0.0216472178279315,5325.885410333333,4699.080095,0.17059030728444144,5556.013473999999,5361.826935,0.05014436344175043,595.7391713333333,668.888774,0.20882026056154462,165.44421266666666,165.412044,0.020041640757824917,670.756355,669.742776,0.0061635659906911335,114.98537133333333,51.495386,0.7833230937107603,5325.879827333333,4699.075265,0.17059029019611383,868.7466916666666,865.970662,0.016383900164232214,4679.573837333333,4504.65242,0.05560828585777761,,,,,,,,,,,,,,,,1804233.0122429074,1865035.9515939879,0.048427820573882195,555.6013474,536.1826935,0.05014436344175044
A_alpha,F0,1000000,90,10000000,kd_tree,sampling,3,3,OK,14675.966666666667,14635.7,0.010189565906418563,242.43777533333332,237.522614,0.031649354300632856,5387.441662333334,5343.18885,0.017319506410068852,9046.086418666666,9039.258753,0.006490992551405875,,,,,,,,,,,,,5387.431072333333,5343.18517,0.017317570784349312,890.895271,883.434832,0.014717751611448351,,,,242.436612,237.521604,0.031648943289842704,241.65525533333334,237.304349,0.02845948882807314,8133.612043666667,8107.755134,0.007383924275886465,,,,,,,1105496.9431951495,1106285.4016299893,0.006483910986013864,904.6086418666667,903.9258753,0.006490992551405955
A_alpha,F0,1000000,90,10000000,ours,enum_sampling,3,3,OK,11697.233333333332,11943.5,0.04013097606159851,1616.9351733333333,1616.801903,0.05279539400076099,9061.350250000001,8909.101032,0.10337716570873043,153.911984,153.868962,0.002142720675545235,611.2279976666667,687.92376,0.22022484842946066,166.49770366666667,165.660678,0.027322595120502207,675.8149806666667,674.634795,0.009159743711471224,137.84707233333333,135.659518,0.5153194548405198,,,,,,,,,,,,,,,,,,,9061.343633333332,8909.094602,0.10337724578721867,153.90721766666667,153.864362,0.0021431947585196193,64972496.838211626,64990364.98342011,0.002141839650559145,15.3911984,15.3868962,0.002142720675545229
A_alpha,F0,1000000,90,10000000,ours,sampling,3,3,OK,12482.333333333334,12841.4,0.04234042483624623,1585.7626676666666,1589.404139,0.030136874611559963,4712.872023,4658.63851,0.016756689727877992,5336.542251,5314.289397,0.006438613498655657,611.7183180000001,689.942829,0.2188034052112049,165.94268233333332,165.294936,0.024543316103154085,677.9366466666667,670.227716,0.017364722187573824,104.38813666666665,51.215001,0.7204002987637231,4712.866873333333,4658.633641,0.016756655784154178,869.1712696666667,868.03215,0.012137722137446693,4458.332864666667,4448.456312,0.0040933500548330365,,,,,,,,,,,,,,,,1873949.8807905398,1881719.126106523,0.006409736367823564,533.6542251,531.4289397,0.006438613498655576
A_alpha,F1,1000000,100,10000000,kd_tree,sampling,3,3,OK,42092.166666666664,42070.2,0.012380344791319083,265.80078,271.256827,0.03788159436229563,17228.765872,17359.179155,0.014645325048377988,24597.595008666667,24459.318791,0.012338146560398623,,,,,,,,,,,,,17228.761948,17359.175014,0.01464535139836586,919.5720110000001,919.80741,0.004437274835320949,,,,265.799156,271.255577,0.03788266103349808,263.449042,269.405855,0.03218440798371634,23658.586789333334,23528.402762,0.012886786744601352,,,,,,,406605.26277421525,408842.1302918534,0.012249583360177943,2459.7595008666667,2445.9318791,0.012338146560398704
A_alpha,F1,1000000,100,10000000,ours,enum_sampling,3,3,OK,10906.466666666667,10982.3,0.012461286415196515,1577.1832446666667,1602.798722,0.028507808247058706,8309.539359333334,7959.83274,0.06183859485043286,157.567599,155.805571,0.037505968272280206,615.12291,703.062497,0.2112406673286464,163.16720933333332,161.778348,0.012851256646124971,669.84367,669.559089,0.0055032989323507584,109.61297266666668,51.31469,0.7538150799354059,,,,,,,,,,,,,,,,,,,8309.535262666666,7959.82915,0.06183857874872829,157.563792,155.802091,0.037507682074487694,63552875.28224196,64182557.37466538,0.03694877145402711,15.7567599,15.5805571,0.03750596827228021
A_alpha,F1,1000000,100,10000000,ours,sampling,3,3,OK,13263.4,12932.6,0.04010459111613852,1574.9928533333332,1600.401791,0.04071781534909624,5289.981559,4688.854316,0.16482028129058413,5556.040346000001,5343.63327,0.05704960693830887,611.1188466666666,692.879947,0.2213802193569848,166.41121933333332,165.928932,0.02471784164020408,667.9687756666667,664.430875,0.008971021669796523,102.64936333333333,52.060635,0.7005141979570124,5289.975372333333,4688.848466,0.16482034349069016,982.8462446666666,979.444868,0.01706820521469283,4564.105692666667,4359.489319,0.0646573620026115,,,,,,,,,,,,,,,,1805492.3010683164,1871385.9081875205,0.0548471417255597,555.6040346,534.363327,0.057049606938308836
A_alpha,F1,1000000,110,10000000,kd_tree,sampling,3,3,OK,44663.36666666667,44747.1,0.0029965129957612332,254.39315166666665,250.078254,0.02522374898471515,18448.174610000002,18413.936207,0.005403698270980413,25960.755135,25913.68487,0.006026647411296436,,,,,,,,,,,,,18448.171236666665,18413.932827,0.005403703185180512,917.1547183333333,914.129588,0.008668329478362508,,,,254.39201500000001,250.077124,0.025224191704932085,253.78855099999998,249.867549,0.023169296807182986,25022.49175233333,24986.62785,0.006324136409227438,,,,,,,385210.76310338016,385896.4886764095,0.0060113900909195,2596.0755135,2591.368487,0.006026647411296495
A_alpha,F1,1000000,110,10000000,ours,enum_sampling,3,3,OK,12349.666666666666,11933.6,0.050220903019052895,1724.3824173333333,1663.089517,0.11876239816805213,9244.198905666666,9060.046463,0.0736860492573982,294.049399,226.244747,0.33163145326549265,677.8143123333333,735.781282,0.2720741195877534,166.24070966666667,165.053101,0.025130938419764725,668.1213759999999,667.282607,0.004495054694709622,186.15190800000002,226.837715,0.5254921030250557,,,,,,,,,,,,,,,,,,,9244.191236,9060.038833,0.07368610196675052,294.04335599999996,226.239197,0.3316369350755952,37334369.792865574,44199921.24723232,0.26868106975333816,29.4049399,22.6244747,0.3316314532654926
A_alpha,F1,1000000,110,10000000,ours,sampling,3,3,OK,12488.9,12885.2,0.04733156223576048,1573.265435,1602.566217,0.02970091693084276,4680.048688,4665.027118,0.005445805093251949,5376.299712666667,5368.265692,0.007626935467756938,609.32931,697.178488,0.21195736176007238,164.502385,163.934633,0.021207221858767517,670.7585646666666,668.861123,0.005866194789742247,106.27470166666667,51.152963,0.7343069592366775,4680.045364666667,4665.023528,0.005445771831691423,1003.6669376666665,992.527108,0.020361221141208787,4362.081129333333,4370.913944,0.0037820862501813713,,,,,,,,,,,,,,,,1860123.3219830838,1862799.0069311196,0.007610591413920918,537.6299712666668,536.8265692,0.007626935467756958
A_alpha,F1,1000000,120,10000000,kd_tree,sampling,3,3,OK,47021.86666666667,47096.6,0.012111681210027024,252.95338833333335,249.250822,0.024697698821106107,19462.565473,19674.592896,0.01635933578320873,27306.351253333338,27172.718644,0.010839522688186215,,,,,,,,,,,,,19462.56224633333,19674.588946,0.01635929410699514,925.541705,924.338586,0.0026918880837931303,,,,252.952092,249.249602,0.02469737109023031,252.354277,249.046476,0.02253457015640998,26361.084856,26221.059672,0.011301264161507259,,,,,,,366257.93068032974,368016.1757464816,0.01077149905189767,2730.6351253333337,2717.2718644,0.010839522688186155
A_alpha,F1,1000000,120,10000000,ours,enum_sampling,3,3,OK,12585.766666666668,12324.0,0.04653547113268005,1695.980457,1615.635817,0.11512804626398235,9463.116041333333,9145.378212,0.08660870558564852,349.557129,336.283343,0.29763824723344,662.551681,727.181079,0.2580014994018788,166.38789633333332,165.462492,0.028196121696394676,664.929592,666.105021,0.006119211919768959,177.71187533333332,223.587851,0.5099918033359546,,,,,,,,,,,,,,,,,,,9463.108751666667,9145.372912,0.0866087269415525,349.55134266666664,336.277153,0.29764144615362303,31349855.48243643,29736828.207991257,0.30059506530498936,34.9557129,33.6283343,0.29763824723344
A_alpha,F1,1000000,120,10000000,ours,sampling,3,3,OK,12515.533333333333,12927.1,0.04882893420473272,1577.564737,1599.898282,0.02541864900945599,4687.986353666666,4680.245413,0.0031115042831761437,5390.514812333334,5387.764059,0.004564729337967309,611.971409,696.949714,0.21210682979279974,162.59897800000002,161.21485,0.012289821838667633,669.5171766666667,670.853063,0.004924393613656917,110.88595,51.190613,0.7620517267297181,4687.982660333334,4680.241933,0.0031115624651974916,1000.4383076666667,1003.08188,0.017614086555448025,4380.11884,4379.745121,0.000239753076108388,,,,,,,,,,,,,,,,1855149.0097010862,1856057.520428253,0.004561334412057631,539.0514812333333,538.7764059,0.004564729337967224
A_alpha,F1,1000000,130,10000000,kd_tree,sampling,3,3,OK,47803.833333333336,47552.4,0.013745557832556385,262.4899443333333,266.75919,0.038361889463010675,19768.491174333332,19501.741868,0.019695092628606085,27772.855320000002,27819.12781,0.010907003582472735,,,,,,,,,,,,,19768.487364666667,19501.737908,0.01969512560460133,949.588135,934.506167,0.03444772610357878,,,,262.4883746666667,266.75801,0.03836170802119868,260.56541433333336,265.30358,0.033322952921538695,26804.320483666666,26865.641817,0.010190674041896984,,,,,,,360106.75359248853,359464.90013268316,0.010934778933985102,2777.285532,2781.912781,0.010907003582472692
A_alpha,F1,1000000,130,10000000,ours,enum_sampling,3,3,OK,11724.233333333332,11776.4,0.015821725973770823,1588.1690476666665,1617.303002,0.04153083494488114,9105.88551,8813.460377,0.05477896852082678,163.52474200000003,160.893266,0.03094318707605481,634.036917,720.335632,0.22755871957562807,159.94074633333332,158.525536,0.012645780010909463,669.2909246666667,670.699406,0.005737400112729029,105.63630133333334,51.028576,0.7312939070353874,,,,,,,,,,,,,,,,,,,9105.881047,8813.456347,0.0547789545436574,163.520772,160.889176,0.030943154052893048,61210301.01522628,62153005.21029885,0.030346849371183,16.3524742,16.0893266,0.03094318707605476
A_alpha,F1,1000000,130,10000000,ours,sampling,3,3,OK,12506.666666666666,12879.2,0.04231724485786347,1584.7273823333333,1589.496387,0.018589430877816414,4698.473754,4662.066769,0.012425307178552817,5369.057032,5349.300313,0.008310681342839413,624.6478436666666,698.153879,0.2013598886799585,163.99497266666665,158.531745,0.04754639092595335,664.1205719999999,663.74336,0.002219986736619333,108.67937166666667,51.020266,0.7503838786001248,4698.469180666667,4662.063059,0.01242511926507575,987.1997816666667,984.171051,0.014141210316977126,4373.316960333334,4372.786184,0.00645723390448151,,,,,,,,,,,,,,,,1862652.4865788855,1869403.3639685095,0.008271138692731305,536.9057032000001,534.9300313,0.008310681342839445
A_alpha,F1,1000000,70,10000000,kd_tree,sampling,3,3,OK,33425.566666666666,33578.5,0.008344829431147355,259.5233293333333,263.426929,0.029326432832726734,13670.508351999999,13815.859927,0.01606077505607598,19495.516748666665,19494.134094,0.003586806331409239,,,,,,,,,,,,,13670.498435000001,13815.838986,0.01606049049473298,919.1792763333333,922.583122,0.008398828661064088,,,,259.521659,263.425179,0.029327978063940482,258.92232133333334,263.189794,0.028137497190877298,18560.054465666664,18553.339778,0.0033797694021435636,,,,,,,512945.0411351668,512974.8236972397,0.003586459444775512,1949.5516748666669,1949.4134094,0.0035868063314092383
A_alpha,F1,1000000,70,10000000,ours,enum_sampling,3,3,OK,10082.953333333333,10197.8,0.01858747807240726,1567.3284616666667,1598.127079,0.028417352212024655,7490.516364,7167.593594,0.06283939690942666,155.09488633333333,154.163215,0.01463990310275626,610.0401593333333,703.881391,0.2187741276596974,161.81483766666665,160.467526,0.01201571412345175,665.2871943333333,664.882356,0.002256701663269301,111.34967633333333,51.182572,0.7642288015005889,,,,,,,,,,,,,,,,,,,7490.511627333333,7167.588734,0.06283946469422592,155.09135633333332,154.159505,0.014639617982430408,64490371.27931336,64866317.16911197,0.01452466971369898,15.509488633333333,15.4163215,0.014639903102756275
A_alpha,F1,1000000,70,10000000,ours,sampling,3,3,OK,12255.6,12656.0,0.04623808115337147,1567.4907316666668,1593.668081,0.02397535812099245,4571.126563999999,4550.768238,0.006688951081228868,5263.200205666667,5235.22385,0.008380004162112147,605.2339283333333,695.16028,0.21259562528631462,164.50195166666666,164.318405,0.020730056103724793,664.454432,664.878427,0.006907341010279787,110.46282133333334,51.082785,0.7603565405134132,4571.119900666667,4550.764598,0.006688200914795345,1019.2916683333333,999.354477,0.036613300499429485,4232.170802333333,4228.056624,0.0018866083459151094,,,,,,,,,,,,,,,,1900117.3867369145,1910137.997251063,0.008331407492854244,526.3200205666667,523.522385,0.008380004162112185
A_alpha,F1,1000000,80,10000000,kd_tree,sampling,3,3,OK,36015.700000000004,35930.9,0.01138064696090253,259.883575,262.729063,0.033814977504422736,14827.687805666666,14760.715839,0.00846462486472682,20928.134059666667,20949.381523,0.015065119973486585,,,,,,,,,,,,,14827.675965666667,14760.712419,0.008463918200802662,919.3373466666667,915.703405,0.00972950292488119,,,,259.881998,262.727392,0.03381518530765586,259.102421,262.481268,0.03173066941631348,19989.90222666667,20016.779077,0.016396470323505073,,,,,,,477934.33330452023,477341.0608337604,0.015090541582361526,2092.813405966667,2094.9381523,0.0150651199734866
A_alpha,F1,1000000,80,10000000,ours,enum_sampling,3,3,OK,10345.199999999999,10493.6,0.02182861231065654,1571.143016,1605.439717,0.03419493414532947,7747.532608999999,7446.506304,0.05727724264777003,157.15603033333335,157.634983,0.005551235884233562,617.1904213333333,704.201514,0.21970496987638155,161.686944,160.199161,0.013025440187858828,666.866445,665.014893,0.006657969691326278,106.18574333333333,51.497436,0.7294608098515343,,,,,,,,,,,,,,,,,,,7747.528009000001,7446.500934,0.057277259043082264,157.15214333333333,157.631433,0.005552323473056476,63632997.60753577,63437695.17201648,0.005571605453917396,15.715603033333332,15.7634983,0.005551235884233546
A_alpha,F1,1000000,80,10000000,ours,sampling,3,3,OK,12313.433333333334,12667.0,0.0429075750304158,1576.3257223333333,1581.443944,0.03582467563162797,4622.961133666667,4564.860357,0.02049117669922771,5262.084068666667,5242.778375,0.005812230646992815,614.2480353333334,693.009666,0.21725412417162132,165.30403866666666,164.877914,0.024862046303347183,668.4702486666666,669.734816,0.010883333069881273,102.05704166666668,51.012946,0.7074688696658203,4622.955663666667,4564.854657,0.020491204107164457,992.457539,998.750219,0.009740896567496224,4262.065904666667,4255.272702,0.004941698138138064,,,,,,,,,,,,,,,,1900451.6730416613,1907385.6044887651,0.005788840422006278,526.2084068666667,524.2778375,0.005812230646992745
A_alpha,F1,1000000,90,10000000,kd_tree,sampling,3,3,OK,38680.5,38556.1,0.018349860732501784,258.637531,262.928399,0.03170454722656174,15928.761931666666,15956.495178,0.013260978451805643,22493.0966,22352.477981,0.022351588592944723,,,,,,,,,,,,,15928.751134999999,15956.471258,0.013260952507371807,920.0510846666666,915.852421,0.014382500919047159,,,,258.63475466666665,262.926729,0.031700022610098966,257.483295,262.708354,0.02896363541731774,21553.586073333336,21419.286097,0.022613538254749915,,,,,,,444801.14937566663,447377.69156959583,0.02216038033824309,2249.3096600000003,2235.2477981,0.022351588592944668
A_alpha,F1,1000000,90,10000000,ours,enum_sampling,3,3,OK,10624.566666666666,10761.3,0.021941687121267525,1569.6426536666665,1594.230809,0.02527562012859574,8017.435983333333,7737.12389,0.05380089312647584,158.38881133333334,157.013547,0.01720919969237179,611.9121133333333,701.159147,0.21321212800486022,164.72607766666667,160.373528,0.03768807816397448,666.7776136666666,664.871446,0.00417439940236048,107.00246299999999,51.914508,0.7320543137246119,,,,,,,,,,,,,,,,,,,8017.43127,7737.11936,0.053800869838266305,158.38498133333334,157.009207,0.017207803780192252,63154276.79438552,63688772.026785694,0.017025893270055097,15.838881133333333,15.7013547,0.017209199692371734
A_alpha,F1,1000000,90,10000000,ours,sampling,3,3,OK,12401.633333333333,12784.3,0.04759046152889463,1564.2615746666668,1589.87471,0.02859456332523242,4655.785512333333,4638.093165,0.007218028298251298,5321.358730666667,5314.854235,0.006063993716365407,612.0157680000001,697.64525,0.21255595142705902,161.66156733333332,160.166361,0.013114482107682596,663.737193,662.558974,0.0034427842644424076,103.95873266666668,51.469627,0.7142060851455253,4655.781639,4638.089565,0.0072179537421012095,1005.0510326666666,1005.00719,0.017847607271161782,4307.696845666666,4304.891367,0.0022144133583231864,,,,,,,,,,,,,,,,1879288.2777918782,1881519.1457456783,0.0060533339961823755,532.1358730666667,531.4854235,0.006063993716365436
B_N,F0,100000,100,10000000,kd_tree,sampling,3,3,OK,1845.22,1821.48,0.019492661056370163,21.943066666666667,22.323199,0.032706654841866536,241.318659,242.08729,0.03162065260932361,1581.9554063333333,1567.544671,0.01872138997085438,,,,,,,,,,,,,241.313519,242.07882,0.03161943448770997,888.4182283333333,889.577224,0.003456027475824335,,,,21.942040000000002,22.321869,0.0326981416345472,21.865048666666667,22.30023,0.03101754518521395,675.4628076666667,660.054596,0.03981818534546799,,,,,,,6323481.901192014,6379403.525145217,0.018509604352132798,158.19554063333334,156.7544671,0.018721389970854405
B_N,F0,100000,100,10000000,ours,enum_sampling,3,3,OK,877.7199999999999,858.378,0.03806702545464071,128.797403,131.68367,0.04276186281184956,584.1460436666666,545.724857,0.09958894188602124,138.296933,138.797652,0.005222550964366748,57.30255333333333,66.82824,0.2543412177423833,13.974694666666666,13.842954,0.013393693023173111,43.79221233333333,43.671318,0.0041936539231315455,11.861941666666667,6.101674,0.7096413725607552,,,,,,,,,,,,,,,,,,,584.1428040000001,545.721707,0.09958925255909819,138.29320633333333,138.794242,0.005223511341882553,72310163.00469132,72047328.29342099,0.00524189784181027,13.8296933,13.8797652,0.005222550964366747
B_N,F0,100000,100,10000000,ours,sampling,3,3,OK,1285.7766666666666,1294.57,0.010835734738113953,128.728564,131.464234,0.033417449359755075,293.32114766666666,289.562339,0.021901083206912628,837.1153413333333,836.578729,0.003642638590897443,56.68669566666667,66.611064,0.2496132864941418,13.970054666666668,13.846874,0.013151308629448626,43.84949433333333,43.908653,0.003899645330509247,11.952093333333332,5.782901,0.7378250216721255,293.318145,289.559399,0.021899762385269396,291.72847,290.633276,0.011239563200637135,528.8833056666666,528.66845,0.001763760350370588,,,,,,,,,,,,,,,,11945943.494378274,11953447.599550432,0.0036392429884975906,83.71153413333333,83.6578729,0.0036426385908974223
B_N,F0,1000000,100,10000000,kd_tree,sampling,3,3,OK,15110.799999999997,14945.8,0.0170821511590157,240.27691033333335,236.187632,0.02799986295296976,5536.481897000001,5465.069992,0.019195190684175883,9334.015454333334,9253.220403,0.015628913599248884,,,,,,,,,,,,,5536.479083666666,5465.067252,0.019195202476129526,894.333653,895.036422,0.0015579365691710788,,,,240.27554366666666,236.185882,0.02800000083328791,239.64216,235.981056,0.025557586332982732,8421.681233000001,8338.041318,0.017654119444200516,,,,,,,1071609.3549271019,1080704.8318829504,0.01546949684676628,933.4015454333334,925.3220403,0.01562891359924895
B_N,F0,1000000,100,10000000,ours,enum_sampling,3,3,OK,11797.066666666666,12065.9,0.040131978761085096,1621.3416326666666,1606.262931,0.07377416069250613,9181.588258666667,8846.965954,0.11093333996189372,143.93427366666666,147.285798,0.03921604660893867,598.2997413333334,680.320427,0.21190990606336021,165.378454,165.003192,0.01917223666922941,677.0593143333334,674.36252,0.0057065174639139155,157.21865933333333,201.932659,0.4782914576955294,,,,,,,,,,,,,,,,,,,9181.575259,8846.958564,0.11093265328484862,143.929114,147.280228,0.039219770060800116,69586115.86931069,67895208.74239348,0.040295871643915446,14.393427366666666,14.7285798,0.03921604660893865
B_N,F0,1000000,100,10000000,ours,sampling,3,3,OK,12421.6,12828.7,0.04637727271822027,1582.424463,1573.900189,0.00891443433317241,4681.498561,4675.09809,0.005650909103648912,5317.189833666666,5319.181936,0.0034559564276102966,592.3638243333334,668.662308,0.2048022508955646,162.58402433333333,161.351697,0.01093100924936111,675.97352,674.995677,0.002205436951910766,125.27001233333334,51.152024,0.8370054326010115,4681.494064333333,4675.09308,0.005650920923049715,855.9040533333333,865.976662,0.023224990068961893,4454.305704333333,4463.440852,0.0037975307416539977,,,,,,,,,,,,,,,,1880715.155544684,1879988.3366125193,0.003457913815287239,531.7189833666666,531.9181936,0.003455956427610299
B_N,F0,200000,100,10000000,kd_tree,sampling,3,3,OK,2741.1800000000003,2736.16,0.01089265882979872,44.225463,43.110989,0.047661369474627194,530.5697043333333,531.509331,0.007096207319794529,2166.3852503333333,2159.135001,0.012033796542685955,,,,,,,,,,,,,530.567101,531.506311,0.007096212329755671,908.1803836666667,893.961924,0.024044685552921254,,,,44.224336666666666,43.10982,0.04765967054092259,44.074503,43.07077,0.044318196294241705,1239.8698923333334,1242.643312,0.006535142604526733,,,,,,,4616649.572543877,4631484.365437323,0.011977669100244321,216.6385250333333,215.9135001,0.012033796542685894
B_N,F0,200000,100,10000000,ours,enum_sampling,3,3,OK,1843.7699999999998,1830.07,0.010642723015754767,315.67732266666667,343.168422,0.1267968718233417,1326.3006073333333,1254.821161,0.07717219785156232,143.31506566666667,142.622993,0.013360902642923623,157.480717,195.252357,0.3628278961139623,30.601111333333336,30.02134,0.050943772680799505,100.65800733333333,100.428386,0.0034777524168476295,23.183121333333332,11.561442,0.7106054679955128,,,,,,,,,,,,,,,,,,,1326.2969476666667,1254.817711,0.07717219740565229,143.311646,142.619653,0.013358700171282547,69788711.737557,70114921.79244898,0.013274041701596911,14.331506566666667,14.2622993,0.013360902642923644
B_N,F0,200000,100,10000000,ours,sampling,3,3,OK,2487.3333333333335,2384.05,0.06431736645225926,314.1021616666667,333.630409,0.13146554292874632,734.9506289999999,698.187428,0.0740786471007936,1380.2796186666667,1250.643836,0.13546776370800656,154.19720133333334,188.81288,0.3584681347186248,29.922631666666664,29.822043,0.024248444213994358,100.81497766666666,100.70322,0.0021851894721494386,22.27385633333333,11.840865,0.6735688071507142,734.945349,698.182108,0.07407821176914742,330.82392933333335,322.728493,0.044556325108408276,1033.290039,912.436992,0.16582628257911222,,,,,,,,,,,,,,,,7368315.570428965,7995881.570874348,0.12363386966528796,138.0279618666667,125.0643836,0.13546776370800653
B_N,F0,2000000,100,10000000,kd_tree,sampling,3,3,OK,31236.100000000002,31256.0,0.005709679035065067,501.6748543333333,491.621775,0.028895926792710188,12304.73911,12260.325838,0.013740494372913737,18429.660773,18421.838155,0.0017936040110751621,,,,,,,,,,,,,12304.73562,12260.321568,0.013740507248107714,904.849346,895.977963,0.014028745672830419,,,,501.67343766666664,491.620455,0.02889536711489602,500.4490466666667,491.200424,0.02669861580885554,17508.69357,17509.651847,0.0012296140649722107,,,,,,,542605.329189852,542833.9949499464,0.0017925086722519318,1842.9660772999998,1842.1838155,0.0017936040110751513
B_N,F0,2000000,100,10000000,ours,enum_sampling,0,3,NR/FAIL,,,,,,,,,,,,,,,,,,,,,,,,,,,,,,,,,,,,,,,,,,,,,,,,,,,,,,
B_N,F0,2000000,100,10000000,ours,sampling,3,3,OK,25428.433333333334,26296.6,0.05038062427321142,3429.4924063333333,3480.589204,0.030003119049781334,10213.939467666667,10207.99897,0.0011283762071184213,10057.847306333335,10082.822877,0.004860960996858981,1255.2389843333333,1422.810549,0.2051527389564147,344.740789,345.652401,0.013658938044166846,1577.4436999999998,1579.639821,0.0025169985046113526,207.4040653333333,103.689257,0.7072223243606175,10213.935417666666,10207.99554,0.001128352078352804,1066.9521446666668,1090.976035,0.03489841605315397,8983.419757000001,8987.856555,0.0008292580374181672,,,,,,,,,,,,,,,,994272.1061740221,991785.7451221396,0.004875980356922193,1005.7847306333333,1008.2822877,0.004860960996858953
B_N,F0,500000,100,10000000,kd_tree,sampling,3,3,OK,7152.540000000001,7138.05,0.003713751988215339,116.68027966666666,115.195,0.03846008873879634,2207.620302,2211.756364,0.007265501368007984,4828.232713333334,4820.760071,0.005334578112697359,,,,,,,,,,,,,2207.6176456666667,2211.754014,0.007265687827530702,896.1854453333334,897.123959,0.006151972886105418,,,,116.67912333333334,115.193931,0.038460346028463606,116.35574633333333,115.090362,0.03595736011041906,3913.5372279999997,3898.128609,0.007877421744511903,,,,,,,2071210.0181372825,2074361.688347962,0.005322989542420824,482.82327133333337,482.0760071,0.0053345781126973605
B_N,F0,500000,100,10000000,ours,enum_sampling,3,3,OK,5059.986666666667,5108.03,0.01569620981265689,714.302609,724.293679,0.023786007604262027,3811.7689463333336,3672.93686,0.05541722178759041,148.00342600000002,147.682959,0.004497514922425998,275.03988933333335,309.430539,0.1880428527643268,77.83497566666667,77.294473,0.010564894753548059,301.3786176666667,303.788115,0.011457876047990066,50.74707566666667,25.446945,0.7099892522646358,,,,,,,,,,,,,,,,,,,3811.7653936666666,3672.933221,0.05541719922900956,147.99818933333333,147.680849,0.004508869187482304,67567366.49499266,67712619.43634269,0.0044852157617212935,14.8003426,14.7682959,0.004497514922426035
B_N,F0,500000,100,10000000,ours,sampling,3,3,OK,6327.186666666667,6208.56,0.030811250351951286,719.773549,709.72049,0.039999419451263944,2121.450745666667,2112.089612,0.007242252500164895,3106.726653,2777.478467,0.15057388829678972,276.37387433333333,303.774575,0.1913588529302248,79.67461433333334,79.40591,0.02649678328540028,294.7917106666667,294.477308,0.0019078545851915559,49.246073,25.494783,0.6835775950183363,2121.4466886666664,2112.084512,0.007242577810709821,564.6244306666667,557.585443,0.0283536909891764,2526.907217,2212.482069,0.1788898795394387,,,,,,,,,,,,,,,,3286158.246214917,3600387.9485701877,0.13608528467043582,310.6726653,277.7478467,0.15057388829678967
B_N,F0,5000000,100,10000000,kd_tree,sampling,3,3,OK,77816.43333333333,77167.3,0.013571690576627422,1348.986158,1361.431937,0.024420631303715887,34920.20945866667,34641.164824,0.013082600671477469,41547.262892666666,41250.804184,0.015433270846943998,,,,,,,,,,,,,34920.205152,34641.159354,0.01308261783671145,1012.1574126666668,1017.301317,0.008522542016063695,,,,1348.984358,1361.430447,0.02442035442104566,1340.1122313333333,1354.657547,0.01984737846409205,40518.306566666666,40217.866899,0.015660438333071375,,,,,,,240746.56523518395,242419.5163661491,0.015293718593933067,4154.726289266667,4125.0804184,0.015433270846944019
B_N,F0,5000000,100,10000000,ours,enum_sampling,0,3,NR/FAIL,,,,,,,,,,,,,,,,,,,,,,,,,,,,,,,,,,,,,,,,,,,,,,,,,,,,,,
B_N,F0,5000000,100,10000000,ours,sampling,3,3,OK,68114.53333333334,70107.8,0.04258523443575127,10143.575434999999,10309.71468,0.023770676707307124,29079.882525666664,28914.626443,0.008651850339005894,24689.31800433333,24693.651151,0.002903230343218654,3290.499461,3746.831505,0.1973414320397019,917.8255546666666,914.125468,0.012042850959620578,5353.073555666667,5333.766874,0.006637657962731396,467.12123033333336,238.971873,0.7001818060881841,29079.87824933333,28914.622153,0.008651850733726082,1448.8207393333332,1451.568166,0.008106408967906178,23224.650353,23226.671345,0.002594348210099479,,,,,,,,,,,,,,,,405036.8790628694,404962.3904885786,0.002904011041270528,2468.931800433333,2469.3651151,0.00290323034321867
C_t,F0,1000000,100,100000,kd_tree,sampling,3,3,OK,6669.763333333333,6656.13,0.006843277059731081,240.92362633333335,236.185531,0.029885081067033675,5667.110215666667,5655.562588,0.0063754861171135095,761.7269623333333,764.127846,0.0046941524443884245,,,,,,,,,,,,,5667.107646,5655.560338,0.006375433608615998,6.007332333333333,5.919298,0.028214741091849984,,,,240.92262000000002,236.184681,0.02988437593479674,240.33080533333336,235.981125,0.027680911736067383,755.6558043333333,757.738298,0.0046265139639812556,,,,,,,131283.53834322185,130868.15318074405,0.004709727246002118,7617.269623333334,7641.27846,0.004694152444388431
C_t,F0,1000000,100,100000,ours,enum_sampling,3,3,OK,10633.866666666667,10751.3,0.018029815258452216,1582.9744816666669,1592.318498,0.025960794749663188,8217.519263,7910.181545,0.05292802494399558,2.236053666666667,2.268913,0.02490980371653838,600.3817583333333,681.317606,0.21228724310344377,169.39053066666668,170.090256,0.03586622465612793,682.2484303333334,675.478387,0.014215513743291025,107.22143233333333,57.369245,0.6996801832629357,,,,,,,,,,,,,,,,,,,8217.507630333334,7910.175196,0.052927063181183544,2.2336139999999998,2.266613,0.024898899252046615,44749891.82269312,44073968.45978669,0.025339641366954976,22.360536666666665,22.68913,0.02490980371653831
C_t,F0,1000000,100,100000,ours,sampling,3,3,OK,10458.53,10879.2,0.05854771474975811,1564.6502233333333,1588.825631,0.029483634725186895,4724.842335333334,4709.331202,0.005462566435497096,3310.5590730000004,3325.048757,0.0075844557707016305,598.694803,680.19858,0.20987006251034007,162.81809366666667,161.622282,0.011168278805207661,679.3910866666666,679.336188,0.0018504360415937933,101.43154533333332,51.520806,0.6986611434537164,4724.836489333334,4709.326233,0.005462693484085855,77.65751266666666,78.90202,0.12332122343548937,3232.1086840000003,3242.6489,0.004870030543685183,,,,,,,,,,,,,,,,30208.124994500027,30074.746961071403,0.007623423958460535,33105.59073,33250.48757,0.007584455770701622
C_t,F0,1000000,100,1000000,kd_tree,sampling,3,3,OK,10798.033333333333,10749.5,0.014847167295549288,246.073221,249.888159,0.029729628869492687,5561.602644333333,5433.620982,0.033370544511382695,4990.345521666667,4944.371188,0.013631413231234126,,,,,,,,,,,,,5561.5944549999995,5433.617012,0.03336947330446592,71.70450533333333,71.267307,0.016456886266370176,,,,246.07158066666668,249.886669,0.029730246968468405,245.42616433333333,248.3898,0.028923249392351545,4918.033418333333,4873.663928,0.013967377392914138,,,,,,,200423.81357935318,202250.18753183464,0.013501659648454158,4990.345521666667,4944.371188,0.013631413231234126
C_t,F0,1000000,100,1000000,ours,enum_sampling,3,3,OK,10717.0,10879.8,0.02166145126140693,1552.7712126666665,1583.367864,0.03044201760973744,8300.397927666667,8015.506399,0.04997635662187155,15.332803666666665,15.751595,0.03933471502686915,592.5928093333333,670.815374,0.20203916185082343,166.43788866666668,165.386354,0.026692678985906593,671.0235856666667,669.652567,0.002984783067528579,101.88261566666667,53.900947,0.683227034584257,,,,,,,,,,,,,,,,,,,8300.393865,8015.50307,0.04997634733452203,15.329593333333333,15.749335,0.03938232709768474,65323604.40457804,63485634.311953805,0.04045955079944192,15.332803666666665,15.751595,0.03933471502686915
C_t,F0,1000000,100,1000000,ours,sampling,3,3,OK,10691.993333333334,11107.8,0.05799288353117055,1560.0393316666668,1584.257565,0.031142095179245887,4687.013447666667,4689.604061,0.006019812405351016,3593.8240650000002,3592.1326,0.0019278359670616774,599.4983863333333,680.296627,0.21338260158918773,162.819877,161.519753,0.011317574043846718,674.6122783333334,673.92537,0.002301890438008542,100.312905,51.288031,0.693912187868641,4687.009817333333,4689.60052,0.006019724940458254,148.17074233333335,150.192517,0.07010892114351817,3444.849409,3443.076209,0.001437141128371487,,,,,,,,,,,,,,,,278256.16835047555,278386.15979822126,0.0019265339481877486,3593.8240650000002,3592.1326,0.0019278359670616774
C_t,F0,1000000,100,10000000,kd_tree,sampling,3,3,OK,15170.800000000001,15181.5,0.0029302110811324925,241.76563266666668,237.437045,0.027644310662469765,5532.404878,5535.170014,0.003604828114992614,9396.615754333334,9432.739055,0.0058467269274195075,,,,,,,,,,,,,5532.402064999999,5535.166455,0.003604845569825813,911.6561223333333,895.964683,0.03221626996265239,,,,241.76452933333334,237.435985,0.027643943451002673,241.16741166666665,237.232049,0.025403035929299836,8463.934480666667,8462.427849,0.005351395747187482,,,,,,,1064249.4621826864,1060137.4576029761,0.005870825679360817,939.6615754333334,943.2739055,0.005846726927419492
C_t,F0,1000000,100,10000000,ours,enum_sampling,3,3,OK,11922.300000000001,11930.8,0.09474666676705351,1676.474247,1591.73864,0.11418976333553903,8957.005664999999,8889.959867,0.013865190563275183,204.830949,228.952821,0.1950817393467493,647.971905,689.194783,0.26102429804701,163.348746,162.786668,0.011198264644858515,679.7884250000001,679.032494,0.008152618865665068,166.21041,203.945227,0.49908694460518366,,,,,,,,,,,,,,,,,,,8956.999725,8889.955397,0.013865142398837054,204.82605233333334,228.946871,0.19508066920085101,51066831.62895755,43677120.7112578,0.22556086431712363,20.4830949,22.8952821,0.19508173934674927
C_t,F0,1000000,100,10000000,ours,sampling,3,3,OK,12646.266666666668,13001.6,0.05967246805145441,1566.9868923333333,1599.167438,0.030767357491256465,4697.172957333333,4701.304239,0.003643843417507822,5531.505549666667,5411.972708,0.03440155434821586,597.3046086666667,682.569131,0.20742109611024181,162.671553,161.458725,0.010877628222727996,683.1317956666667,684.859993,0.004175616174854148,101.58780833333333,52.29106,0.6958817718178525,4697.1684706666665,4701.299039,0.0036436692834260344,871.283202,886.029307,0.03591840668359892,4653.098034333333,4507.59735,0.048218984611481025,,,,,,,,,,,,,,,,1809918.1305214546,1847755.068169128,0.03360003831754669,553.1505549666666,541.1972708,0.03440155434821591
C_t,F0,1000000,100,100000000,kd_tree,sampling,3,3,OK,28342.399999999998,28400.4,0.003729033749425296,242.067043,237.483844,0.03166848130736799,5367.011810333333,5361.714616,0.0035190489474747925,22733.287002666668,22755.147794,0.004105384002195973,,,,,,,,,,,,,5367.009047666666,5361.711697,0.003518969030778949,9963.546573666667,9930.302378,0.004790722867942147,,,,242.06593966666665,237.482845,0.031668207941389,241.42373,237.290939,0.02913057523814647,12613.396511333334,12570.712217,0.007986969045789815,,,,,,,4398910.187995917,4394609.997934958,0.004111137094512387,227.33287002666665,227.55147794,0.004105384002196042
C_t,F0,1000000,100,100000000,ours,enum_sampling,3,3,OK,12130.633333333333,12293.0,0.019127563299156627,1555.1477603333333,1579.019734,0.03315466463594912,8247.221110333334,7967.296397,0.049874651052346106,1489.0536916666667,1489.339706,0.0007196584608826416,597.5214946666666,677.451367,0.21001757862980291,162.83982633333332,161.781057,0.010923812829111337,675.547113,675.794621,0.004379308197417181,100.41528199999999,51.205422,0.694662265039061,,,,,,,,,,,,,,,,,,,8247.217897333334,7967.293627,0.049874642268181564,1489.0497079999998,1489.335695,0.0007198033273217679,67156780.42015763,67143848.77884938,0.00071985621205781,14.890536916666667,14.89339706,0.0007196584608826383
C_t,F0,1000000,100,100000000,ours,sampling,3,3,OK,23615.066666666666,23228.6,0.07281766907558429,1586.4670389999999,1594.774348,0.04100225569666191,4738.733265666667,4731.28368,0.008084262532170941,16439.577503333334,15494.864064,0.08127632961991037,608.825827,681.073582,0.21621464206619118,169.614063,165.388964,0.05237219180249003,676.7243416666666,675.88373,0.005789713388566987,102.93478666666665,52.496645,0.6997509368316015,4738.729395333333,4731.2798,0.008084150634979139,8661.569668,8189.108414,0.09135463148380332,7629.164129666667,7331.766793,0.07140758304713116,,,,,,,,,,,,,,,,6121118.975879296,6453751.358318467,0.07685915388443847,164.39577503333334,154.94864064,0.08127632961991038
C_t,F0,1000000,100,300000,kd_tree,sampling,3,3,OK,7744.866666666666,7735.32,0.00623799901911199,243.2455953333333,243.900912,0.019242406117123884,5484.899142666666,5471.94752,0.006029217935832814,2016.7221686666664,2019.468825,0.0057365357136416025,,,,,,,,,,,,,5484.896356,5471.94497,0.006029134592463909,19.345210333333334,18.992137,0.0262314287067223,,,,243.24239866666667,243.899462,0.01923360955333719,242.66309066666668,243.693656,0.017538241087612823,1996.9578936666667,2000.420199,0.005413096428803638,,,,,,,148761.1416749357,148553.91491373975,0.005747945181421001,6722.407228888888,6731.56275,0.00573653571364163
C_t,F0,1000000,100,300000,ours,enum_sampling,3,3,OK,10703.5,10865.3,0.02446616603825049,1562.0379503333334,1587.255823,0.03599914784454947,8287.516074333333,8017.938129,0.04750379248867271,5.723848333333334,5.78453,0.01542725555852134,598.8404400000001,670.689416,0.21198067082089184,165.33313466666667,166.476761,0.016331561630592562,679.0934196666667,676.256141,0.008596883445982497,99.28543866666666,50.957787,0.6884566143340137,,,,,,,,,,,,,,,,,,,8287.511981000001,8017.933689,0.047503837169284455,5.722094666666666,5.78297,0.01539760164394376,52424904.80509011,51862467.650785804,0.015597207060641279,19.079494444444446,19.281766666666666,0.015427255558521332
C_t,F0,1000000,100,300000,ours,sampling,3,3,OK,11324.833333333334,11053.2,0.04412838493691156,1600.4837433333332,1588.839,0.05901627219560604,5204.574723333334,4706.11837,0.13784367144387533,3683.5561113333333,3385.923129,0.12137977761334202,591.0322513333333,669.822464,0.2040131422486781,166.00662433333335,165.503161,0.02378137814701945,693.08019,675.425118,0.03796831141635685,122.95855,117.970183,0.4926163316851297,5204.5690896666665,4706.113969,0.13784374657245127,96.41575499999999,94.202564,0.14640117043217382,3586.419727666667,3289.678178,0.12114496816294831,,,,,,,,,,,,,,,,82563.83516927314,88602.12963210483,0.11184333810581931,12278.52037111111,11286.41043,0.121379777613342
C_t,F0,1000000,100,3000000,kd_tree,sampling,3,3,OK,13204.5,13148.6,0.00754191232054802,246.60436633333333,250.75704,0.03064170449128923,5403.779918333334,5353.162574,0.014917162259643724,7554.130270000001,7559.479869,0.0027087819180228686,,,,,,,,,,,,,5403.771768333333,5353.158494,0.014916079782335879,237.96391766666667,235.577354,0.016979401018327657,,,,246.60276266666665,250.75576,0.03064288829055511,245.99467533333333,249.400288,0.029841962000983182,7311.218750666667,7319.740561,0.002425023171699308,,,,,,,397136.65608503256,396852.7004486689,0.00271154174105272,2518.043423333333,2519.826623,0.0027087819180228742
C_t,F0,1000000,100,3000000,ours,enum_sampling,3,3,OK,10785.300000000001,10919.3,0.021942624115310595,1556.2892833333335,1584.735756,0.029685527468627085,8328.996080333332,8063.346471,0.04985596795398142,45.32410066666667,45.9723,0.02329777047166622,596.91495,673.88345,0.20570511768253907,166.40886266666666,165.296635,0.026655944495801904,671.4784696666667,670.510829,0.0020793065941438096,102.58165133333334,51.35832,0.7076663925629341,,,,,,,,,,,,,,,,,,,8328.991340666667,8063.341631,0.049855976528992665,45.320804,45.96942,0.02331129481266984,66226485.09994525,65256687.17901868,0.023678584960105536,15.108033555555556,15.3241,0.023297770471666247
C_t,F0,1000000,100,3000000,ours,sampling,3,3,OK,11229.033333333333,11664.6,0.05578463313152753,1558.7098496666667,1586.592806,0.0303992205533398,4681.597259,4689.077821,0.0049521426819591294,4136.795419,4145.726635,0.0035490717924383957,592.9498753333334,673.266733,0.20460643589619631,162.94178100000002,161.545533,0.012657800441137615,680.642507,682.895654,0.004995269903696331,99.452779,50.994157,0.6893679467442981,4681.5938989999995,4689.074331,0.00495206619273272,306.07818100000003,315.17248,0.042625245007274944,3829.394679333333,3829.681033,0.0002809260940296272,,,,,,,,,,,,,,,,725208.1809155197,723636.7141703736,0.003557752851726929,1378.9318063333333,1381.9088783333334,0.003549071792438355
C_t,F0,1000000,100,30000000,kd_tree,sampling,3,3,OK,18098.666666666668,18076.4,0.005920017867321567,243.75380166666665,236.932646,0.03995724181610031,5429.263972,5423.840414,0.009482839687841174,12425.644502333334,12415.742147,0.0037628699538629845,,,,,,,,,,,,,5429.261272333333,5423.838294,0.00948271287966492,2855.0967416666667,2856.736751,0.004354728622622306,,,,243.75274833333333,236.931696,0.03995722238595918,243.092412,236.73211,0.03743377751316986,9516.671504666667,9520.551681,0.004333094370147922,,,,,,,2414395.8316600244,2416287.2943724,0.0037585437605829825,414.18815007777783,413.8580715666667,0.003762869953863015
C_t,F0,1000000,100,30000000,ours,enum_sampling,3,3,OK,12113.633333333333,12220.6,0.043657578918127424,1624.135835,1650.780261,0.057732825018290766,9216.733943000001,9287.882707,0.09748872124487197,440.3551506666667,439.835384,0.003373473987475249,606.6077036666667,672.222705,0.2183570575545077,166.05512,165.462513,0.017686753922256968,677.100967,674.964757,0.009269210893042971,149.793006,185.710684,0.4702516759865991,,,,,,,,,,,,,,,,,,,9216.727063666667,9287.875997,0.09748874299450773,440.34935733333333,439.829055,0.003371978882699037,68127602.94744425,68207336.40656796,0.0033680130133530843,14.678505022222224,14.661179466666667,0.003373473987475294
C_t,F0,1000000,100,30000000,ours,sampling,3,3,OK,15752.833333333334,15372.3,0.09671450233575353,1566.4073373333333,1598.429873,0.03144825771291161,4763.144461666667,4740.382942,0.008290410109963961,8569.024902333333,7790.967017,0.13081886722665342,597.0099316666666,682.59368,0.20791533794608913,162.64875,161.339717,0.011400558180634663,683.3544446666666,685.53021,0.005833383977419558,100.73006566666668,51.111154,0.6971962471908424,4763.140508333333,4740.379462,0.008290324171430339,2539.797480333333,2524.013113,0.01615064639102178,5979.743874333333,5216.000407,0.18124914859964728,,,,,,,,,,,,,,,,3556698.7633584216,3850613.1439832277,0.11974915539108894,285.6341634111111,259.6989005666667,0.13081886722665348
D_family,F0,1000000,100,10000000,kd_tree,sampling,3,3,OK,15156.033333333333,15198.5,0.005993581253201155,244.260361,237.73009,0.042921693916845506,5579.518111333334,5591.08057,0.007315972096661981,9332.227284666667,9339.768776,0.0053820251122018116,,,,,,,,,,,,,5579.515235,5591.07697,0.007315989830043911,895.1074636666667,897.325465,0.006675485346514081,,,,244.25903833333334,237.72896,0.042921530631662354,243.65731366666668,237.509114,0.04082976888657484,8417.796453333334,8419.941825,0.0053436072037901195,,,,,,,1071586.6336460945,1070690.3179119988,0.005388564120542102,933.2227284666666,933.9768776,0.0053820251122018645
D_family,F0,1000000,100,10000000,ours,enum_sampling,3,3,OK,11728.933333333334,11621.9,0.04696487860917157,1653.8767706666667,1609.319797,0.08231423805779807,9081.115251666668,8363.244307,0.1331235476682038,148.688609,152.658117,0.038946717189411104,603.431786,683.548231,0.21396617133664125,165.41830333333334,165.189488,0.018659912748874415,678.743493,677.77333,0.006268027471304133,182.79836366666666,226.714666,0.5161387105940721,,,,,,,,,,,,,,,,,,,9081.108315,8363.237257,0.13312366211874366,148.68320566666668,152.652927,0.038953187515704646,67359711.55947347,65505851.87684452,0.04004821218934485,14.868860900000001,15.2658117,0.0389467171894111
D_family,F0,1000000,100,10000000,ours,sampling,3,3,OK,12520.200000000003,12910.2,0.0445898847848705,1569.0973780000002,1582.007761,0.022136993589232528,4730.0446249999995,4707.355624,0.009768518881821849,5371.317698333333,5370.564764,0.006524735437532786,594.0907313333333,669.667107,0.20495456280836813,162.78530433333333,161.597462,0.010943030557554167,677.1674953333332,676.907577,0.005111364353820592,109.37146766666666,51.187283,0.7524616847278237,4730.040595333333,4707.351464,0.009768580185752503,870.095997,871.223584,0.020713865900324275,4493.649004666667,4494.662627,0.002565351223878124,,,,,,,,,,,,,,,,1861819.8030847155,1862001.5658375553,0.006523572108919221,537.1317698333334,537.0564764,0.006524735437532873
D_family,F1,1000000,100,10000000,kd_tree,sampling,3,3,OK,41525.46666666667,41287.9,0.02249593536203224,260.38827466666663,264.664823,0.030015201946428257,17097.060895666666,16967.347929,0.03810457293379162,24167.979140333337,24053.429926,0.011573060354238177,,,,,,,,,,,,,17097.053229,16967.343039,0.03810441758938159,921.6337090000001,921.613643,0.0003287475615109725,,,,260.38685133333337,264.663713,0.03001560850459614,259.80654666666663,263.315521,0.029335300692326993,23230.24059033333,23115.313144,0.01205760154209812,,,,,,,413825.71161690773,415741.1242706276,0.011500909303025017,2416.797914033333,2405.3429926,0.01157306035423819
D_family,F1,1000000,100,10000000,ours,enum_sampling,3,3,OK,10833.633333333333,10877.1,0.007310727358254815,1562.436453,1589.701863,0.02744101788986753,8261.559710333333,7864.584716,0.06849736573267838,154.85132433333334,155.478088,0.022423904074666542,606.2934433333334,696.503023,0.2138074062490693,162.80519066666668,161.678681,0.010343285981673422,662.1492360000001,661.140614,0.002953928481705551,112.45998033333332,60.369203,0.7155763395156042,,,,,,,,,,,,,,,,,,,8261.555604,7864.580977,0.068497309524196,154.847718,155.474589,0.02242553483238748,64610761.684847854,64317744.89019957,0.022565170955113546,15.485132433333334,15.5478088,0.022423904074666486
D_family,F1,1000000,100,10000000,ours,sampling,3,3,OK,12968.633333333333,12918.9,0.007619553250092511,1574.6740333333335,1582.650619,0.031912551287220446,5151.48489,4671.943115,0.13316732045503016,5388.489694,5351.432349,0.011456963512503223,609.5615426666667,688.331942,0.2191652818380013,165.800962,165.585519,0.021024568482611913,664.428049,664.292299,0.001650078543076388,109.27010966666666,51.887108,0.7445487720800241,5151.478196666667,4671.938315,0.1331669709666076,982.027205,975.96066,0.014445870083992058,4397.459245000001,4377.778202,0.009532156895384301,,,,,,,,,,,,,,,,1856049.311616893,1868658.5848120942,0.011367936444329893,538.8489694,535.1432349,0.01145696351250314
